{
  "Main": "Rain",
  "Temperature": 8.194526267306316,
  "Humidity": 46.88568660717253,
  "Visibility": 2601.079349810743,
  "Wind Speed": 11.832551879100883,
  "Wind Direction": 8.054927375076943,
  "Wind Gust": 24.551926501648175,
  "Cloud Cover": 41.670673799665565
}